{
    "Omega_B0": 0.05,
    "Omega_CDM0": 0.267,
    "Omega_Lambda0": 0.682907,
    "Omega_K0": 0,
    "Omega_Nu0": 3.81093e-05,
    "Omega_gamma0": 5.50896e-05,
    "N_eff": 3.046,
    "T_CMB0": 2.7255,
    "h": 0.67,
    "H0": 2.17132e-18
}
